<tokens>
<keyword> class </keyword>
<identifier> Main </identifier>
<symbol> { </symbol>
<keyword> static </keyword>
<keyword> boolean </keyword>
<identifier> test </identifier>
<symbol> ; </symbol>
<keyword> function </keyword>
<keyword> void </keyword>
<identifier> main </identifier>
<symbol> ( </symbol>
<symbol> ) </symbol>
<symbol> { </symbol>
<keyword> var </keyword>
<identifier> SquareGame </identifier>
<identifier> game </identifier>
<symbol> ; </symbol>
<keyword> let </keyword>
<identifier> game </identifier>
<symbol> = </symbol>
<identifier> game </identifier>
<symbol> ; </symbol>
<keyword> do </keyword>
<identifier> game </identifier>
<symbol> . </symbol>
<identifier> run </identifier>
<symbol> ( </symbol>
<symbol> ) </symbol>
<symbol> ; </symbol>
<keyword> do </keyword>
<identifier> game </identifier>
<symbol> . </symbol>
<identifier> dispose </identifier>
<symbol> ( </symbol>
<symbol> ) </symbol>
<symbol> ; </symbol>
<keyword> return </keyword>
<symbol> ; </symbol>
<symbol> } </symbol>
<keyword> function </keyword>
<keyword> void </keyword>
<identifier> test </identifier>
<symbol> ( </symbol>
<symbol> ) </symbol>
<symbol> { </symbol>
<keyword> var </keyword>
<keyword> int </keyword>
<identifier> i </identifier>
<symbol> , </symbol>
<identifier> j </identifier>
<symbol> ; </symbol>
<keyword> var </keyword>
<identifier> String </identifier>
<identifier> s </identifier>
<symbol> ; </symbol>
<keyword> var </keyword>
<identifier> Array </identifier>
<identifier> a </identifier>
<symbol> ; </symbol>
<keyword> if </keyword>
<symbol> ( </symbol>
<identifier> i </identifier>
<symbol> ) </symbol>
<symbol> { </symbol>
<keyword> let </keyword>
<identifier> s </identifier>
<symbol> = </symbol>
<identifier> i </identifier>
<symbol> ; </symbol>
<keyword> let </keyword>
<identifier> s </identifier>
<symbol> = </symbol>
<identifier> j </identifier>
<symbol> ; </symbol>
<keyword> let </keyword>
<identifier> a </identifier>
<symbol> [ </symbol>
<identifier> i </identifier>
<symbol> ] </symbol>
<symbol> = </symbol>
<identifier> j </identifier>
<symbol> ; </symbol>
<symbol> } </symbol>
<keyword> else </keyword>
<symbol> { </symbol>
<keyword> let </keyword>
<identifier> i </identifier>
<symbol> = </symbol>
<identifier> i </identifier>
<symbol> ; </symbol>
<symbol> } </symbol>
<keyword> return </keyword>
<symbol> ; </symbol>
<symbol> } </symbol>
<symbol> } </symbol>
</tokens>
